id,population
ANDEA005N22_B_cf_korineki_Colombia_BOLD_AFG1465,South_America
ANDEA006N22_B_cf_korineki_Colombia_BOLD_AFG1465,South_America
ANDEA007N22_B_cf_korineki_Colombia_BOLD_AFG1465,South_America
ANDEA008N22_B_cf_korineki_Colombia_BOLD_AFG1465,South_America
ANDEA013N22_B_cf_korineki_Colombia_BOLD_AFG1465,South_America
ANDEA024N22_B_cf_korineki_Colombia_BOLD_AFG1465,South_America
ANDEA037N22_B_cf_korineki_Colombia_BOLD_AFG1465,South_America
ANDEA038N22_B_cf_korineki_Colombia_BOLD_AFG1465,South_America
ANDEA039N22_B_cf_korineki_Colombia_BOLD_AFG1465,South_America
ANDEA040N22_B_cf_korineki_Colombia_BOLD_AFG1465,South_America
ANDEA053N22_Bosmina_Colombia_BOLD_AFG0616,South_America
ANDEA054N22_Bosmina_Colombia_BOLD_AFG0616,South_America
ANDEA055N22_Bosmina_Colombia_BOLD_AFG0616,South_America
B_longirostris_Argentina01aa,South_America
B_longirostris_Argentina03aa,South_America
B_longirostris_Argentina04aa,South_America
B_longirostris_Argentina05aa,South_America
B_longirostris_Argentina06aa,South_America
BACZP1167N16_B_liederi_Canada_BOLD_ABZ8276,North_America
BACZP1167N16_B_liederi_Canada_BOLD_ABZ8276,North_America
BACZP1230N16_B_liederi_Canada_BOLD_ABZ8276,North_America
BACZP1255N16_B_liederi_Canada_BOLD_ABZ8276,North_America
BACZP386N16_B_huaronensis_Mexico_BOLD_AAB9669,Central_America
BACZP387N16_B_longirostris_Mexico_BOLD_AAD9496,Central_America
BACZP388N16_B_huaronensis_Mexico_BOLD_AAB9669,Central_America
BBCRU025N10_Bosmina_Canada_BOLD_AAV0686,North_America
BBCRU249N12_Bosmina_Canada_BOLD_ACA6834,North_America
BCRUA087N10_Bosmina_United_States_BOLD_AAD9782,North_America
BCRUA088N10_Bosmina_United_States_BOLD_AAD9782,North_America
BCRUA159N10_Bosmina_United_States_BOLD_AAD9782,North_America
BCRUA161N10_Bosmina_United_States_BOLD_AAD9782,North_America
BROA022N21_Bosmina_Brazil_BOLD_AEO1713,South_America
BROA080N21_Bosmina_Brazil_BOLD_AEO1713,South_America
CAISN020N12_Bosmina_Canada_BOLD_AAW7791,North_America
CAISN022N12_Bosmina_Canada_BOLD_AAW7791,North_America
CAISN034N12_Bosmina_Canada_BOLD_AAW7791,North_America
CAISN035N12_Bosmina_Canada_BOLD_AAW7791,North_America
CAISN069N12_Bosmina_Canada_BOLD_ACL8120,North_America
CAISN079N12_B_liederi_Canada_BOLD_ABZ8276,North_America
CAISN914N13_B_sp_Canada_BOLD_AAW7791,North_America
CAZUL101N17_B_tubicen_Mexico_BOLD_AAD9782,Central_America
CAZUL102N17_B_tubicen_Mexico_BOLD_AAD9782,Central_America
CAZUL104N17_B_tubicen_Mexico_BOLD_AAD9782,Central_America
CAZUL105N17_B_tubicen_Mexico_BOLD_AAD9782,Central_America
CAZUL191N17_B_tubicen_Mexico_BOLD_AAD9782,Central_America
CAZUL192N17_B_tubicen_Mexico_BOLD_AAD9782,Central_America
CAZUL193N17_B_tubicen_Mexico_BOLD_AAD9782,Central_America
CAZUL194N17_B_tubicen_Mexico_BOLD_AAD9782,Central_America
CAZUL195N17_B_tubicen_Mexico_BOLD_AAD9782,Central_America
COAPP287N13_Bosmina_Canada_BOLD_AAI4721,North_America
COAPP288N13_Bosmina_Canada_BOLD_AAI4721,North_America
COAPP296N13_Bosmina_Canada_BOLD_ACA6834,North_America
COAPP297N13_Bosmina_Canada_BOLD_AAI4721,North_America
COAPP303N13_Bosmina_Canada_BOLD_ACA6834,North_America
COAPP312N13_Bosmina_Canada_BOLD_ABX4934,North_America
COAPP328N13_Bosmina_Canada_BOLD_ACF9023,North_America
COAPP329N13_Bosmina_Canada_BOLD_ACF9023,North_America
COAPP411N13_B_liederi_Canada_BOLD_ABZ8276,North_America
COAPP530N13_Bosmina_Canada_BOLD_ACA6834,North_America
COAPP558N13_Bosmina_Canada_BOLD_ABX4934,North_America
COAPP559N13_Bosmina_Canada_BOLD_ACF9023,North_America
DNARA1185N21_Bosmina_Canada_BOLD_AEA5586,North_America
DNARA1186N21_Bosmina_Canada_BOLD_AEA5586,North_America
DNARA1187N21_Bosmina_Canada_BOLD_AEA5586,North_America
DNARA1188N21_Bosmina_Canada_BOLD_AEA5586,North_America
DNARA1189N21_Bosmina_Canada_BOLD_AEA5586,North_America
DNARA1190N21_Bosmina_Canada_BOLD_AEA5586,North_America
DNARA1191N21_Bosmina_Canada_BOLD_AEA5586,North_America
DNARA1457N21_Bosmina_Canada_BOLD_AEN5568,North_America
DNARA1511N21_Bosmina_Canada_BOLD_AEA3695,North_America
DNARA1513N21_Bosmina_Canada_BOLD_AEA3695,North_America
DNARA1626N21_Bosmina_Canada_BOLD_AEA5586,North_America
DNARA1627N21_Bosmina_Canada_BOLD_AEA5586,North_America
DNARA1628N21_Bosmina_Canada_BOLD_AEA5586,North_America
DNARA1629N21_Bosmina_Canada_BOLD_AEA5586,North_America
DNARA1630N21_Bosmina_Canada_BOLD_AEN5568,North_America
DNARA1631N21_Bosmina_Canada_BOLD_AEA5586,North_America
DNARA1632N21_Bosmina_Canada_BOLD_AEA5586,North_America
DNARA1652N21_Bosmina_Canada_BOLD_AEN5581,North_America
DNARA1653N21_Bosmina_Canada_BOLD_AEA5586,North_America
DNARA1655N21_Bosmina_Canada_BOLD_AEA5586,North_America
DNARA1658N21_Bosmina_Canada_BOLD_AEA5586,North_America
DNARA1659N21_Bosmina_Canada_BOLD_AEA5586,North_America
DNARA1660N21_Bosmina_Canada_BOLD_AEA5586,North_America
DNARA1666N21_Bosmina_Canada_BOLD_AEA5586,North_America
DNARA1667N21_Bosmina_Canada_BOLD_AEA5586,North_America
DNARA1682N21_Bosmina_Canada_BOLD_AEN5568,North_America
DNARA1683N21_Bosmina_Canada_BOLD_AEN5568,North_America
DNARA1684N21_Bosmina_Canada_BOLD_AEN5568,North_America
DNARA1809N21_Bosmina_Canada_BOLD_AEA5586,North_America
DNARA1811N21_Bosmina_Canada_BOLD_AEN5568,North_America
DNARA1812N21_Bosmina_Canada_BOLD_AEN5568,North_America
DNARA1820N21_Bosmina_Canada_BOLD_AEN5581,North_America
DNARA1821N21_Bosmina_Canada_BOLD_AEA5586,North_America
DNARA1822N21_Bosmina_Canada_BOLD_AEA5586,North_America
DNARA1823N21_Bosmina_Canada_BOLD_AEA5586,North_America
DNARA2094N21_Bosmina_Canada_BOLD_AEA3695,North_America
DNARA2096N21_Bosmina_Canada_BOLD_AEA3695,North_America
DNARA2097N21_Bosmina_Canada_BOLD_AEA3695,North_America
DNARA2325N21_Bosmina_Canada_BOLD_AEA3695,North_America
DNARA2326N21_Bosmina_Canada_BOLD_AEA3695,North_America
DNARA2371N21_Bosmina_Canada_BOLD_AEA3695,North_America
DNARA2372N21_Bosmina_Canada_BOLD_AEA3695,North_America
DNARA2373N21_Bosmina_Canada_BOLD_AEA3695,North_America
DNARA2374N21_Bosmina_Canada_BOLD_AEA3695,North_America
DNARA2375N21_Bosmina_Canada_BOLD_AEA3695,North_America
DNARA2952N21_Bosmina_Canada_BOLD_AEA3695,North_America
DNARA2953N21_Bosmina_Canada_BOLD_AEA3695,North_America
DNARA2954N21_Bosmina_Canada_BOLD_AEA3695,North_America
DNARA2955N21_Bosmina_Canada_BOLD_AEA3695,North_America
DNARA2956N21_Bosmina_Canada_BOLD_AEA3695,North_America
DNARA2957N21_Bosmina_Canada_BOLD_AEA3695,North_America
DNARC013N19_Bosmina_Canada_BOLD_AEA3695,North_America
DNARC068N19_Bosmina_Canada_BOLD_AEA5586,North_America
DNARC070N19_Bosmina_Canada_BOLD_AEA5586,North_America
ECCAJ025N23_Bosmina_Ecuador_BOLD_ACA6834,South_America
ECCAJ036N23_Bosmina_Ecuador_BOLD_ACA6834,South_America
ECCAJ039N23_Bosmina_Ecuador_BOLD_ACA6834,South_America
ECCAJ040N23_Bosmina_Ecuador_BOLD_ACA6834,South_America
ECCAJ051N23_Bosmina_Ecuador_BOLD_ACA6834,South_America
ECCAJ067N23_Bosmina_Ecuador_BOLD_ACA6834,South_America
ECCAJ114N23_Bosmina_Ecuador_BOLD_ACA6834,South_America
ECCAJ129N23_Bosmina_Ecuador_BOLD_ACA6834,South_America
ECCAJ131N23_Bosmina_Ecuador_BOLD_ACA6834,South_America
ECCAJ132N23_Bosmina_Ecuador_BOLD_ACA6834,South_America
ECCAJ133N23_Bosmina_Ecuador_BOLD_ACA6834,South_America
ECCAJ134N23_Bosmina_Ecuador_BOLD_ACA6834,South_America
ECCAJ136N23_Bosmina_Ecuador_BOLD_ACA6834,South_America
ECCAJ247N23_Bosmina_Ecuador_BOLD_ACA6834,South_America
ECCAJ268N23_Bosmina_Ecuador_BOLD_ACA6834,South_America
ECCAJ270N23_Bosmina_Ecuador_BOLD_ACA6834,South_America
ECCAJ280N23_Bosmina_Ecuador_BOLD_ACA6834,South_America
ECCAJ304N23_B_huaronensis_Ecuador_BOLD_AFI2124,South_America
ECCAJ305N23_Bosmina_Ecuador_BOLD_ACA6834,South_America
ECCAJ308N23_B_huaronensis_Ecuador_BOLD_AFI2124,South_America
ECCAJ317N23_Bosmina_Ecuador_BOLD_ACA6834,South_America
ECCAJ388N23_B_huaronensis_Ecuador_BOLD_AFI2124,South_America
ECCAJ480N23_Bosmina_Ecuador_BOLD_ACA6834,South_America
ECCAJ485N24_Bosmina_Ecuador_BOLD_ACA6834,South_America
ECCAJ494N24_Bosmina_Ecuador_BOLD_ACA6834,South_America
ESP197N12_Bosmina_Spain_BOLD_ACA1800,Europe
ESP198N12_Bosmina_Spain_BOLD_ACA1800,Europe
ESP199N12_B_liederi_Spain_BOLD_ABZ8276,Europe
ESP200N12_B_liederi_Spain_BOLD_ABZ8276,Europe
ESP201N12_B_liederi_Spain_BOLD_ABZ8276,Europe
ESP292N12_B_longirostris_Spain_BOLD_ACA9544,Europe
ESP505N14_B_meridionalis_Czechia_BOLD_AAO1376,Europe
ESP506N14_Bosmina_Czechia_BOLD_AAO1376,Europe
ESP507N14_B_meridionalis_Czechia_BOLD_AAO1376,Europe
ESP508N14_B_meridionalis_Czechia_BOLD_AAO1376,Europe
ESP509N14_B_meridionalis_Czechia_BOLD_AAO1376,Europe
EXDB1873N21_B_tubicen_Mexico_BOLD_AAD9782,Central_America
EXDB448N20_B_tubicen_Mexico_BOLD_AAD9782,Central_America
EXDB579N21_B_tubicen_Mexico_BOLD_AAD9782,Central_America
EXDB731N21_B_tubicen_Mexico_BOLD_AAD9782,Central_America
EXDB732N21_B_tubicen_Mexico_BOLD_AAD9782,Central_America
GCHAR1120N19_Bosmina_Canada_BOLD_AEA3695,North_America
GCHAR1121N19_Bosmina_Canada_BOLD_AEA3695,North_America
GCHAR1122N19_Bosmina_Canada_BOLD_AEA3695,North_America
GLC040N06_B_liederi_Canada_Great_Lakes,North_America
KINBZ001N22_B_longirostris_Israel_BOLD_AEO5856,Asia_ME
KINBZ002N22_B_longirostris_Israel_BOLD_AEO5856,Asia_ME
KINBZ003N22_B_longirostris_Israel_BOLD_AEO5856,Asia_ME
KINBZ004N22_B_longirostris_Israel_BOLD_AEO5856,Asia_ME
KINBZ005N22_B_longirostris_Israel_BOLD_AEO5856,Asia_ME
KINBZ006N22_B_longirostris_Israel_BOLD_AEO5856,Asia_ME
KINBZ007N22_B_longirostris_Israel_BOLD_AEO5856,Asia_ME
KINBZ008N22_B_longirostris_Israel_BOLD_AEO5856,Asia_ME
KINBZ009N22_B_longirostris_Israel_BOLD_AAO1376,Asia_ME
KINBZ010N22_B_longirostris_Israel_BOLD_AEO5856,Asia_ME
KINBZ011N22_B_longirostris_Israel_BOLD_AEO5856,Asia_ME
Liederobosmina_american_longispina02,North_America
Liederobosmina_Argentina02a,South_America
Liederobosmina_Argentina02b,South_America
Liederobosmina_Argentina02c,South_America
Liederobosmina_Argentina03a,South_America
Liederobosmina_Argentina03b,South_America
Liederobosmina_Argentina03c,South_America
Liederobosmina_Argentina03d,South_America
Liederobosmina_cf_huaronensis_USA03a,North_America
Liederobosmina_cf_huaronensis_USA03b,North_America
Liederobosmina_chilense_Argentina08a,South_America
Liederobosmina_chilense_Argentina08b,South_America
Liederobosmina_chilense_Argentina08c,South_America
Liederobosmina_chilense_Argentina08d,South_America
Liederobosmina_chilense_Argentina09a,South_America
Liederobosmina_chilense_Chile02a,South_America
Liederobosmina_Guatemala01a,Central_America
Liederobosmina_Guatemala01b,Central_America
Liederobosmina_Guatemala01c,Central_America
Liederobosmina_Guatemala01d,Central_America
Liederobosmina_Guatemala01e,Central_America
Liederobosmina_huaronensis_Argentina01a,South_America
Liederobosmina_huaronensis_Argentina02e,South_America
Liederobosmina_huaronensis_Argentina02f,South_America
Liederobosmina_huaronensis_Argentina04a,South_America
Liederobosmina_huaronensis_Argentina05a,South_America
Liederobosmina_huaronensis_Argentina06a,South_America
Liederobosmina_meridionalis_Australia01a,Australia
Liederobosmina_meridionalis_Australia02a,Australia
Liederobosmina_meridionalis_Australia02b,Australia
Liederobosmina_Mexico01b,Central_America
Liederobosmina_Mexico01c,Central_America
Liederobosmina_Mexico01d,Central_America
Liederobosmina_Mexico01e,Central_America
Liederobosmina_Mexico01f,Central_America
Liederobosmina_Mexico01g,Central_America
Liederobosmina_Mexico01h,Central_America
Liederobosmina_Mexico02a,Central_America
Liederobosmina_Mexico02b,Central_America
Liederobosmina_Mexico03a,Central_America
Liederobosmina_Mexico04a,Central_America
Liederobosmina_Mexico04b,Central_America
Liederobosmina_Mexico04c,Central_America
Liederobosmina_Mexico05a,Central_America
Liederobosmina_Mexico05b,Central_America
Liederobosmina_Mexico05c,Central_America
Liederobosmina_Mexico05d,Central_America
Liederobosmina_Mexico05e,Central_America
Liederobosmina_Mexico06a,Central_America
Liederobosmina_Mexico06c,Central_America
Liederobosmina_Mexico07a,Central_America
Liederobosmina_Mexico08a,Central_America
Liederobosmina_Mexico09a,Central_America
Liederobosmina_Mexico09b,Central_America
Liederobosmina_Mexico10a,Central_America
Liederobosmina_Mexico10b,Central_America
Liederobosmina_Mexico11a,Central_America
Liederobosmina_Mexico11b,Central_America
Liederobosmina_Mexico11c,Central_America
Liederobosmina_tanakai02,Asia_ME
Liederobosmina_USA05a,North_America
Liederobosmina_USA08a,North_America
Liederobosmina_USA08b,North_America
Liederobosmina_USA11a,North_America
Liederobosmina_USA11b,North_America
Liederobosmina_USA11c,North_America
Liederobosmina_USA11d,North_America
Liederobosmina_USA11e,North_America
Liederobosmina_USA13a,North_America
Liederobosmina_USA14a,North_America
Liederobosmina_USA14b,North_America
Liederobosmina_USA20a,North_America
Liederobosmina_USA21a,North_America
Liederobosmina_USA21b,North_America
Liederobosmina_USA23a,North_America
Lunobosmina_oriens_USA11i,North_America
Lunobosmina_oriens_USA16a,North_America
Lunobosmina_oriens_USA16b,North_America
Lunobosmina_oriens_USA22a,North_America
MCM690N17_B_sp_Mexico_BOLD_AAB9669,Central_America
MCM691N17_B_sp_Mexico_BOLD_AAB9669,Central_America
MCM692N17_B_sp_Mexico_BOLD_AAB9669,Central_America
MCM693N17_B_sp_Mexico_BOLD_AAB9669,Central_America
MCM694N17_B_sp_Mexico_BOLD_AAB9669,Central_America
MCM695N17_B_sp_Mexico_BOLD_AAB9669,Central_America
MCM696N17_B_sp_Mexico_BOLD_AAB9669,Central_America
MCM697N17_B_sp_Mexico_BOLD_AAB9669,Central_America
MCM698N17_B_sp_Mexico_BOLD_AAB9669,Central_America
MCM699N17_B_sp_Mexico_BOLD_AAB9669,Central_America
MCM700N17_B_sp_Mexico_BOLD_AAB9669,Central_America
MCM701N17_B_sp_Mexico_BOLD_AAB9669,Central_America
SKAAN072N19_B_tubicen_Mexico_BOLD_AAD9782,Central_America
SKAAN074N19_B_tubicen_Mexico_BOLD_AAD9782,Central_America
SKAAN075N19_B_tubicen_Mexico_BOLD_AAD9782,Central_America
SKAAN126N19_B_tubicen_Mexico_BOLD_AAD9782,Central_America
SKAAN128N19_B_tubicen_Mexico_BOLD_AAD9782,Central_America
SKAAN305N19_B_tubicen_Mexico_BOLD_AAD9782,Central_America
SKAAN316N19_B_tubicen_Mexico_BOLD_AAD9782,Central_America
SKAAN737N19_B_tubicen_Mexico_BOLD_AAD9782,Central_America
SKAAN742N19_B_tubicen_Mexico_BOLD_AAD9782,Central_America
SKAAN872N19_B_tubicen_Mexico_BOLD_AAD9782,Central_America
SKAAN883N19_B_tubicen_Mexico_BOLD_AAD9782,Central_America
SKAAN890N19_B_tubicen_Mexico_BOLD_AAD9782,Central_America
ZOOPS187N18_B_cf_longispina_Finland_BOLD_AAW7791,Europe
ZOOPS188N18_B_cf_longispina_Finland_BOLD_ADR9483,Europe
ZPII1067N11_B_huaronensis_Mexico_BOLD_AAB9669,Central_America
ZPII1068N11_B_huaronensis_Mexico_BOLD_AAB9669,Central_America
ZPII1106N11_B_huaronensis_Mexico_BOLD_AAZ8987,Central_America
ZPII1454N11_B_huaronensis_Mexico_BOLD_AAB9669,Central_America
ZPII837N11_B_huaronensis_Mexico_BOLD_AAB9669,Central_America
ZPII839N11_B_huaronensis_Mexico_BOLD_AAB9669,Central_America
ZPII936N11_B_huaronensis_Mexico_BOLD_AAB9669,Central_America
ZPLCA001N06_Bosmina_Canada_BOLD_ABX4934,North_America
ZPLIV506N11_B_huaronensis_Mexico_BOLD_AAB9669,Central_America
ZPLIV507N11_B_huaronensis_Mexico_BOLD_AAB9669,Central_America
ZPLIV508N11_B_huaronensis_Mexico_BOLD_AAB9669,Central_America
ZPLIV509N11_B_huaronensis_Mexico_BOLD_AAB9669,Central_America
ZPLIV515N11_B_huaronensis_Mexico_BOLD_AAB9669,Central_America
ZPLIV601N11_B_huaronensis_Mexico_BOLD_AAB9669,Central_America
ZPLIV602N11_B_huaronensis_Mexico_BOLD_AAB9669,Central_America
ZPLIV603N11_B_huaronensis_Mexico_BOLD_AAB9669,Central_America
ZPLIV604N11_B_huaronensis_Mexico_BOLD_AAB9669,Central_America
ZPLIV610N11_B_huaronensis_Mexico_BOLD_AAB9669,Central_America
ZPLIV669N11_B_bosmina_tubicen_Mexico_BOLD_AAD9782,Central_America
ZPLIV690N11_B_huaronensis_Mexico_BOLD_AAB9669,Central_America
ZPLIV750N11_B_huaronensis_Mexico_BOLD_AAB9669,Central_America
ZPLKA177N15_B_longirostris_Mexico_BOLD_AAD9496,Central_America
ZPLMX140N06_B_tubicen_Guatemala_BOLD_AAD9782,Central_America
ZPLMX141N06_B_tubicen_Guatemala_BOLD_AAD9782,Central_America
ZPLMX146N06_B_huaronensis_Mexico_BOLD_AAB9669,Central_America
ZPLMX147N06_B_huaronensis_Mexico_BOLD_AAB9669,Central_America
ZPLMX148N06_B_huaronensis_Mexico_BOLD_AAB9669,Central_America
ZPLMX240N06_B_huaronensis_Mexico_BOLD_AAB9669,Central_America
ZPLMX401N06_B_huaronensis_Mexico_BOLD_AAB9669,Central_America
ZPLMX402N06_B_huaronensis_Mexico_BOLD_AAB9669,Central_America
ZPLMX403N06_B_huaronensis_Mexico_BOLD_AAB9669,Central_America
ZPLMX404N06_B_huaronensis_Mexico_BOLD_AAB9669,Central_America
ZPLMX405N06_B_huaronensis_Mexico_BOLD_AAB9669,Central_America
ZPLMX406N06_B_huaronensis_Mexico_BOLD_AAB9669,Central_America
ZPLMX407N06_B_huaronensis_Mexico_BOLD_AAB9669,Central_America
ZPLMX409N06_B_tubicen_Guatemala_BOLD_AAD9782,Central_America
ZPLMX410N06_B_tubicen_Guatemala_BOLD_AAD9782,Central_America
ZPLMX411N06_B_tubicen_Guatemala_BOLD_AAD9782,Central_America
ZPLMX849N06_B_huaronensis_Mexico_BOLD_AAB9669,Central_America
ZPLMX850N06_B_huaronensis_Mexico_BOLD_AAB9669,Central_America
ZPLMX851N06_B_huaronensis_Mexico_BOLD_AAB9669,Central_America
ZPLMX852N06_B_huaronensis_Mexico_BOLD_AAB9669,Central_America
ZPLV090N17_B_longirostris_Mexico_BOLD_AAD9496,Central_America
ZPLV091N17_B_longirostris_Mexico_BOLD_AAD9496,Central_America
ZPLV092N17_B_longirostris_Mexico_BOLD_AAD9496,Central_America
ZPLV097N17_B_longirostris_Mexico_BOLD_AAD9496,Central_America
ZPLV098N17_B_longirostris_Mexico_BOLD_AAD9496,Central_America
ZPLV327N18_Bosmina_Colombia_BOLD_ADO6195,South_America
ZPLV328N18_Bosmina_Colombia_BOLD_ADO6195,South_America
ZPLV330N18_Bosmina_Colombia_BOLD_ADO6195,South_America
ZPLV333N18_Bosmina_Colombia_BOLD_ADO6195,South_America
ZPLV337N18_Bosmina_Colombia_BOLD_ADO6195,South_America
ZPLV371N18_Bosmina_Colombia_BOLD_ADO6195,South_America
ZTITI005N23_Bosmina_Peru_BOLD_AAW7826,South_America
ZTITI007N23_Bosmina_Peru_BOLD_AAW7826,South_America
ZTITI008N23_Bosmina_Peru_BOLD_AAW7826,South_America
ZTITI024N23_Bosmina_Peru_BOLD_AAW7826,South_America
ZTITI039N23_Bosmina_Peru_BOLD_AAW7826,South_America
ZTITI044N23_Bosmina_Peru_BOLD_AAW7826,South_America
ZTITI089N23_Bosmina_Peru_BOLD_AAW7826,South_America
ZTITI168N24_Bosmina_Peru_BOLD_AAW7826,South_America
ZTITI170N24_Bosmina_Peru_BOLD_AAW7826,South_America
ZTITI171N24_Bosmina_Peru_BOLD_AAW7826,South_America
ZTITI172N24_Bosmina_Peru_BOLD_AAW7826,South_America
ZTITI200N25_Bosmina_Peru_BOLD_AAW7826,South_America
ZTITI265N25_Bosmina_Peru_BOLD_AAW7826,South_America
ZTITI268N25_Bosmina_Peru_BOLD_AAW7826,South_America
ZTITI289N25_Bosmina_Peru_BOLD_AAW7826,South_America
ZTITI290N25_Bosmina_Peru_BOLD_AAW7826,South_America
ZTITI314N25_Bosmina_Peru_BOLD_AAW7826,South_America
ZTITI331N25_Bosmina_Peru_BOLD_AAW7826,South_America
AY075057_B_coregoni,North_America
DQ310635_B_sp1_JRdWN2005,North_America
DQ310636_B_sp2_JRdWN2005,North_America
DQ889083_B_sp_BOLD_AAW7791,North_America
EU702000_B_sp_BOLD_AAI4722,North_America
EU702001_B_sp_BOLD_AAI4722,North_America
EU702002_B_sp_BOLD_AAI4721,North_America
EU702003_Eubosmina_huaronensis,Central_America
EU702004_Eubosmina_huaronensis,Central_America
EU702005_Eubosmina_huaronensis,Central_America
EU702006_Eubosmina_huaronensis,Central_America
EU702007_Eubosmina_huaronensis,Central_America
EU702008_Eubosmina_huaronensis,Central_America
EU702009_Eubosmina_huaronensis,Central_America
EU702010_Eubosmina_huaronensis,Central_America
EU702011_Eubosmina_huaronensis,Central_America
EU702012_Eubosmina_huaronensis,Central_America
EU702013_Eubosmina_huaronensis,Central_America
EU702014_Eubosmina_huaronensis,Central_America
EU702015_Eubosmina_huaronensis,Central_America
EU702016_Eubosmina_huaronensis,Central_America
EU702017_Eubosmina_huaronensis,Central_America
EU702018_B_longirostris,Central_America
EU702019_B_longirostris,Central_America
EU702020_B_longirostris,Central_America
EU702022_Eubosmina_tubicen,Central_America
EU702023_Eubosmina_tubicen,Central_America
EU702024_Eubosmina_tubicen,Central_America
EU702025_Eubosmina_tubicen,Central_America
EU702026_Eubosmina_tubicen,Central_America
HM883958_B_longirostris,North_America
HM883961_B_longirostris,North_America
HM883995_B_longirostris,North_America
HM883999_B_longirostris,North_America
HQ966466_B_liederi,North_America
HQ966467_B_liederi,North_America
HQ966468_B_liederi,North_America
HQ966469_B_liederi,North_America
HQ966470_B_liederi,North_America
HQ966471_B_liederi,North_America
JN233822_B_liederi,North_America
JN233823_B_liederi,North_America
JN233824_B_liederi,North_America
JN290618_Anomopoda_sp_BOLD_AAV0686,North_America
JN290619_Anomopoda_sp_BOLD_AAV0686,North_America
JN290620_Anomopoda_sp_BOLD_AAV0686,North_America
JN290621_Anomopoda_sp_BOLD_AAV0686,North_America
JN290621_Anomopoda_sp_BOLD_AAV06865,North_America
JN290622_Anomopoda_sp_BOLD_AAV0686,North_America
JN294865_Anomopoda_sp_BOLD_AAD9782,North_America
JN294866_Anomopoda_sp_BOLD_AAD9782,North_America
JN294889_Anomopoda_sp_BOLD_AAD9782,North_America
JN294890_Anomopoda_sp_BOLD_AAD9782,North_America
KC508661_B_meridionalis,Australia
KC508662_B_meridionalis,Australia
KC616781_B_cf_liederi,Central_America
KC616782_B_cf_liederi,Central_America
KC616783_B_cf_liederi,Central_America
KC616784_B_cf_liederi,Central_America
KC616785_B_cf_liederi,Central_America
KC616786_Eubosmina_huaronensis,Central_America
KC616787_Eubosmina_huaronensis,Central_America
KC616788_Eubosmina_huaronensis,Central_America
KC616789_Eubosmina_huaronensis,Central_America
KC616790_Eubosmina_huaronensis,Central_America
KC616791_Eubosmina_huaronensis,Central_America
KC616792_Eubosmina_huaronensis,Central_America
KC616793_Eubosmina_huaronensis,Central_America
KC617008_Eubosmina_tubicen,Central_America
KC617009_Eubosmina_tubicen,Central_America
KC617010_Eubosmina_tubicen,Central_America
KC617011_Eubosmina_tubicen,Central_America
KC617012_Eubosmina_tubicen,Central_America
KC617013_Eubosmina_tubicen,Central_America
KC617494_Eubosmina_tubicen,Central_America
KC617495_B_cf_liederi,Central_America
KC617496_B_cf_liederi,Central_America
KC617497_B_cf_liederi,Central_America
KC617498_B_cf_liederi,Central_America
KC617499_B_cf_liederi,Central_America
KC617500_Eubosmina_huaronensis,Central_America
KC617501_Eubosmina_huaronensis,Central_America
KC617502_Eubosmina_huaronensis,Central_America
KC617503_Eubosmina_huaronensis,Central_America
KC617504_Eubosmina_huaronensis,Central_America
KC617505_Eubosmina_huaronensis,Central_America
KC617506_Eubosmina_huaronensis,Central_America
KC617507_Eubosmina_huaronensis,Central_America
KC617508_Eubosmina_huaronensis,Central_America
KC617509_Eubosmina_huaronensis,Central_America
KC617510_Eubosmina_huaronensis,Central_America
KC617511_Eubosmina_huaronensis,Central_America
KC617636_Eubosmina_tubicen,Central_America
KM611608_B_sp_BOLD_AAV0686,North_America
KT705731_B_liederi,North_America
KT706147_B_liederi,North_America
KT707374_B_liederi,North_America
KT707760_B_liederi,North_America
KU315493_B_freyi,South_America
KY091157_B_sp_Taihuzoo,Asia_ME
LC215471_B_fatalis,Asia_ME
LC215472_B_fatalis,Asia_ME
LC215473_B_fatalis,Asia_ME
LC215474_B_fatalis,Asia_ME
LC215475_B_fatalis,Asia_ME
LC215476_B_cf_longirostris,Asia_ME
LC215477_B_cf_longirostris,Asia_ME
LC215478_B_cf_longirostris,Asia_ME
LC215479_B_cf_longirostris,Asia_ME
LC215480_B_cf_longirostris,Asia_ME
LC215481_B_sp,Asia_ME
MG448613_B_liederi,North_America
MG448631_B_liederi,North_America
MG448650_B_liederi,North_America
MG448657_B_liederi,North_America
MG448688_B_longirostris,North_America
MG448689_B_longirostris,North_America
MG448707_B_liederi,North_America
MG448765_B_liederi,North_America
MG448819_B_liederi,North_America
MG448838_B_longirostris,North_America
MG448897_B_liederi,North_America
MG448968_B_liederi,North_America
MG448971_B_liederi,North_America
MG449046_B_liederi,North_America
MG449067_B_liederi,North_America
MG449077_B_liederi,North_America
MG449102_B_liederi,North_America
MG449147_B_liederi,North_America
MG449180_B_liederi,North_America
MG449184_B_liederi,North_America
MG449207_B_liederi,North_America
MG449247_B_liederi,North_America
MG449253_B_liederi,North_America
MG449265_B_liederi,North_America
MG449273_B_liederi,North_America
MG449280_B_liederi,North_America
MG449315_B_liederi,North_America
MG449317_B_liederi,North_America
MG449340_B_liederi,North_America
MG449357_B_liederi,North_America
MG449359_B_liederi,North_America
MG449386_B_liederi,North_America
MG449420_Eubosmina_huaronensis,Central_America
MG449436_B_liederi,North_America
MG449441_B_liederi,North_America
MG449478_B_liederi,North_America
MG449481_B_liederi,North_America
MG449492_B_liederi,North_America
MG449530_B_liederi,North_America
MG449575_B_liederi,North_America
MG449583_B_liederi,North_America
MG449616_B_sp,North_America
MG449668_B_liederi,North_America
MG449685_B_liederi,North_America
MG449712_B_liederi,North_America
MG449713_B_longirostris,North_America
MG449716_B_liederi,North_America
MG449744_B_liederi,North_America
MG449799_B_liederi,North_America
MG449821_B_liederi,North_America
MG449841_B_liederi,North_America
MG449847_B_liederi,North_America
MG449850_B_longirostris,North_America
MG449851_B_longirostris,North_America
MG449857_B_liederi,North_America
MG449875_B_liederi,North_America
MG449888_B_liederi,North_America
MG449897_B_liederi,North_America
MG449952_B_longirostris,North_America
MG449967_B_longirostris_FREYI2_AK,North_America
MG449969_B_liederi,North_America
MG449972_B_liederi,North_America
MG449982_B_longirostris,North_America
MG450021_B_longirostris,North_America
MG450033_B_longirostris,North_America
MG450047_B_liederi,North_America
MG450050_B_liederi,North_America
MG450086_B_longirostris,North_America
MG450143_Eubosmina_huaronensis,Central_America
MG450147_B_longirostris,Central_America
MG450151_B_liederi_AK,North_America
MG450153_B_liederi,North_America
MG450170_B_liederi,North_America
MG450174_B_liederi,North_America
MG450204_B_liederi,North_America
MG450208_B_liederi,North_America
MG450272_B_liederi,North_America
MG450291_B_liederi,North_America
MG450294_B_liederi,North_America
MG450318_B_liederi,North_America
MG936043_B_sp,North_America
MG936238_B_sp,North_America
MG936240_B_sp,North_America
MG936261_B_sp,North_America
MG936530_B_sp,North_America
MG936534_B_sp,North_America
MH321381_Eubosmina_longispina,Europe
MH321382_Eubosmina_longispina,Europe
MH321383_Eubosmina_longispina,Europe
MH321384_Eubosmina_longispina,Europe
MH321385_Eubosmina_longispina,Europe
MH321386_Eubosmina_longispina,Europe
MH321387_Eubosmina_longispina,Europe
MH321388_Eubosmina_longispina,Europe
MH321389_Eubosmina_longispina,Europe
MH321390_Eubosmina_longispina,Europe
MH321391_Eubosmina_longispina,Europe
MH321392_Eubosmina_longispina,Europe
MH321393_Eubosmina_longispina,Europe
MH321394_Eubosmina_longispina,Europe
MH321395_Eubosmina_longispina,Europe
MH321396_Eubosmina_longispina,Europe
MT757463_Bosminopsis_zernowi,Asia_ME
MT757464_Bosminopsis_zernowi,Asia_ME
MT888232_Eubosmina_tubicen,Central_America
MT888247_Eubosmina_tubicen,Central_America
MT888279_Eubosmina_tubicen,Central_America
MT888325_Eubosmina_tubicen,Central_America
MT888336_Eubosmina_tubicen,Central_America
MT888361_Eubosmina_tubicen,Central_America
MT888366_Eubosmina_tubicen,Central_America
MT888464_Eubosmina_tubicen,Central_America
MT888481_Eubosmina_tubicen,Central_America
MW770308_B_fatalis,Asia_ME
MW786945_B_fatalis,Asia_ME
MZ517301_Eubosmina_tubicen,Central_America
MZ517335_Eubosmina_tubicen,Central_America
MZ517466_Eubosmina_tubicen,Central_America
MZ517641_Eubosmina_tubicen,Central_America
MZ517674_Eubosmina_tubicen,Central_America
MZ517739_Eubosmina_tubicen,Central_America
MZ517828_Eubosmina_tubicen,Central_America
MZ517857_Eubosmina_tubicen,Central_America
MZ517893_Eubosmina_tubicen,Central_America
MZ517899_Eubosmina_tubicen,Central_America
MZ517920_Eubosmina_tubicen,Central_America
MZ517951_Eubosmina_tubicen,Central_America
MZ964905_B_sp1,North_America
MZ964907_B_sp1,North_America
OP829920_B_liederi,North_America
OP829924_B_cf_longispina,Europe
OP829953_B_liederi,North_America
OP829977_B_cf_coregoni,North_America
OP830017_B_cf_longispina,North_America
OP830043_B_cf_coregoni,North_America
OP830059_B_liederi,North_America
OP830104_B_liederi,North_America
OP830119_B_cf_longispina,North_America
OP830153_B_cf_longispina,North_America
OP830155_B_liederi,North_America
OP830166_B_cf_longispina,North_America
OP830246_B_cf_coregoni,North_America
OP830253_B_liederi,North_America
OP830292_B_cf_longispina,Europe
OP830311_B_liederi,North_America
PV786644_B_sp,Central_America
KU315494_Bosminopsis_deitersi,South_America
